"Section","Title","Action plan comment","Evaluation comment","Estimated implementation date","Person in charge"
"Fundamental principles"
" ","Purposes","Les finalités du traitement des données sont spécifiées de manière claire et semblent légitimes pour l'activité commerciale d'Amazin’. Chaque finalité est directement liée à une fonction essentielle de la plateforme comme : vendre des produits recommander des produits pertinents fidéliser les utilisateurs assurer la sécurité des données.          "
" ","Legal basis","Les bases juridiques énoncées sont conformes aux principes généralement reconnus en matière de protection des données notamment le RGPD pour les entreprises opérant dans l'Union Européenne basée sur des actions sur : consentement exécution d'un contrat respect des obligations légales intérêt légitime.Il est important que Amazin’ documente les analyses effectuées pour s'appuyer sur l'intérêt légitime et qu'elle offre aux utilisateurs la possibilité de s'opposer au traitement fondé sur cet intérêt. "
" ","Adequate data","Pour chaque type de donnée collectée Amazin’ doit s'assurer que le principe de minimisation est respecté en ne collectant pas plus d'informations que ce qui est nécessaire pour les finalités précisées. De plus il doit être clairement établi que ces données ne seront pas utilisées pour des finalités non liées sans un nouveau consentement de l'utilisateur. "
" ","Data accuracy","Amazin’ doit continuer à surveiller et à améliorer les processus de vérification et de mise à jour des données pour répondre aux normes de protection des données. La participation active des utilisateurs dans la mise à jour de leurs données doit être encouragée et les systèmes en place pour la correction des données doivent être accessibles et faciles à utiliser. En outre des audits réguliers peuvent aider à identifier les domaines nécessitant des améliorations dans les processus de gestion des données."
" ","Storage duration"
" ","Information for the data subjects"
" ","Obtaining consent","La méthode de collecte du consentement décrite est bien alignée avec les bonnes pratiques en matière de protection des données et semble respecter les principes clés de la législation"
" ","Right of access and to data portability","Les mesures mises en place par Amazin’ semblent bien conçues pour faciliter l'exercice des droits des sujets de données en conformité avec les exigences réglementaires telles que celles du RGPD."
" ","Right to rectification and erasure","Les processus établis par Amazin’ pour permettre aux utilisateurs d’exercer leurs droits de rectification et d’effacement des données semblent robustes et conformes aux exigences réglementaires comme : formulaires de rectification et d'effacement vérification de l'identité et confirmation de l'effacement"
" ","Right to restriction and to object","Bien que ces pratiques semblent adéquates il est recommandé pour Amazin’ de s'assurer que toutes les demandes sont traitées dans les délais légaux et que les utilisateurs sont informés de la possibilité de faire appel auprès d'une autorité de contrôle si ils ne sont pas satisfaits de la réponse reçue. Des audits réguliers de ces processus sont également conseillés pour garantir qu'ils restent efficaces et conformes aux réglementations en constante évolution."
" ","Subcontracting","1. Réviser et préciser le cahier des charges : Il est important de revoir le cahier des charges pour y inclure des détails spécifiques sur les obligations des processeurs. Cela peut impliquer de définir plus clairement les attentes en matière de sécurité des données les procédures en cas de violation de données et les processus de vérification de la conformité.   2. Renégocier les contrats existants si nécessaire : Si les contrats actuels avec les processeurs ne sont pas suffisamment détaillés il peut être nécessaire de les renégocier pour y inclure les obligations précises et les mécanismes de responsabilité.   3. Mise en place de contrôles réguliers : Pour s'assurer de la conformité continue des processeurs des audits réguliers et des évaluations de conformité peuvent être nécessaires. Cela peut aider à identifier et à corriger les éventuelles lacunes dans la protection des données.","Il est impératif pour Amazin’ de s'assurer que toutes les obligations des processeurs soient clairement identifiées et régies par des contrats pour maintenir la conformité avec les réglementations sur la protection des données.","1/1/70"
" ","Transfers","1. Préciser les dispositions dans le cahier des charges : Le cahier des charges doit être mis à jour pour inclure des détails précis sur les mécanismes et les mesures de protection appliqués lors des transferts de données hors de l'UE.   2. Renforcer les contrats avec les partenaires internationaux : Les contrats avec les partenaires et les sous-traitants hors de l'UE doivent clairement stipuler les obligations de protection des données et inclure si nécessaire des clauses contractuelles types approuvées par la Commission européenne.   3. Mettre en œuvre des mesures de sauvegarde robustes : En plus des mesures contractuelles des mesures techniques doivent être mises en place pour assurer la sécurité des données lors du transfert et de leur traitement dans le pays tiers.   4. Documentation et évaluation continue : Documenter toutes les décisions relatives au transfert de données et les évaluer régulièrement pour s'assurer qu'elles restent conformes aux exigences légales et aux meilleures pratiques en matière de protection des données.","Il est essentiel que des mesures adéquates soient mises en place pour garantir que le niveau de protection des données personnelles n'est pas compromis lorsqu'elles sont transférées hors de l'UE :","1/1/70"
"Planned or existing measures"
" ","Chiffrement","Il est important de continuer à surveiller et à mettre à jour les protocoles de chiffrement pour s'assurer qu'ils résistent contre les menaces émergentes. Les normes de chiffrement doivent être révisées régulièrement pour contrebalancer les avancées dans la puissance de calcul et les techniques de décryptage"
" ","Anonymisation","Il est important que le processus d'anonymisation soit correctement exécuté et qu’il réponde aux normes de l'industrie en matière d'efficacité. Il doit s'assurer que l'anonymisation ne peut pas être inversée et que les données anonymisées ne peuvent pas être croisées avec d'autres données pour ré-identifier les individus. "
"Illegitimate access to data"
" ","Illegitimate access to data","D'après les informations fournies le risque est important en raison de la nature significative des impacts potentiels et d'une probabilité modérée de survenance malgré les contrôles. Cela justifie une surveillance constante et une évaluation périodique pour ajuster les mesures de sécurité et réduire la probabilité ou l'impact des risques à un niveau acceptable."
"Unwanted modification of data"
" ","Unwanted modification of data"
"Data disappearance"
" ","Data disappearance"
