{"pia":{"status":0,"is_example":0,"is_archive":0,"created_at":"2024-04-03T15:02:34.398Z","name":"(IMPORT) Amazin'","category":"Vente en ligne","author_name":"Thomas DEMARS","evaluator_name":"Tom HODEMON","validator_name":"Patrice CLEMENTE","dpo_status":null,"dpo_opinion":null,"concerned_people_opinion":null,"concerned_people_status":null,"concerned_people_searched_opinion":false,"dpos_names":null,"people_names":null,"updated_at":"2024-04-05T08:58:48.680Z","structure_id":"","id":2,"progress":78.75},"answers":[{"pia_id":2,"reference_to":111,"data":{"text":"Le traitement des donn&eacute;es pour les services de vente en ligne d'Amazin' implique la collecte, l'analyse et l'utilisation des donn&eacute;es des utilisateurs pour offrir une exp&eacute;rience personnalis&eacute;e de shopping en ligne. Cela inclut les informations d'inscription, les pr&eacute;f&eacute;rences d'achat et les donn&eacute;es de navigation. L'objectif est de maximiser les ventes tout en respectant la vie priv&eacute;e des utilisateurs.","gauge":null,"list":[]},"created_at":"2024-04-04T13:25:42.377Z","updated_at":"2024-04-04T09:59:52.585Z","id":37},{"pia_id":2,"reference_to":112,"data":{"text":"Amazin&rsquo; assume le r&ocirc;le de responsable du traitement des donn&eacute;es. Amazin&rsquo; peut aussi faire appelle &agrave; des sous-traitants (notamment pour l'h&eacute;bergement des donn&eacute;es).","gauge":null,"list":[]},"created_at":"2024-04-04T13:25:42.377Z","updated_at":"2024-04-03T15:47:53.257Z","id":38},{"pia_id":2,"reference_to":113,"data":{"text":"<div>Dans le cadre du traitement des donn&eacute;es pour les services de vente en ligne d'Amazin', plusieurs normes sont applicables, notamment :</div>\n<div>&nbsp;</div>\n<div>1. R&egrave;glement G&eacute;n&eacute;ral sur la Protection des Donn&eacute;es (RGPD) : Amazin' est tenu de se conformer au RGPD dans toutes ses activit&eacute;s de traitement des donn&eacute;es.</div>\n<div>&nbsp;</div>\n<div>2. Certifications en Protection des Donn&eacute;es : Amazin' peut rechercher des certifications en mati&egrave;re de protection des donn&eacute;es pour d&eacute;montrer sa conformit&eacute; aux normes de protection des donn&eacute;es. Les certifications telles que ISO 27001 ou le label CNIL en France peuvent &ecirc;tre pertinentes pour attester de la conformit&eacute; aux exigences de s&eacute;curit&eacute; et de protection des donn&eacute;es.</div>","gauge":null,"list":[]},"created_at":"2024-04-04T13:25:42.377Z","updated_at":"2024-04-03T16:07:48.584Z","id":39},{"pia_id":2,"reference_to":211,"data":{"text":"<div>1. Vendre des produits : L'objectif principal du traitement est de permettre aux utilisateurs d'acheter des produits en ligne via la plateforme d'Amazin&rsquo;.</div>\n<div>&nbsp;</div>\n<div>2. Recommander des produits pertinents : Le traitement vise &agrave; proposer des recommandations personnalis&eacute;es aux utilisateurs en fonction de leurs pr&eacute;f&eacute;rences d'achat, de leur historique de navigation et d'autres informations pertinentes.</div>\n<div>&nbsp;</div>\n<div>3. Fid&eacute;liser les utilisateurs : L'objectif est de fid&eacute;liser les utilisateurs en leur offrant une exp&eacute;rience d'achat personnalis&eacute;e et en proposant des avantages tels que des r&eacute;ductions et des offres promotionnelles.</div>\n<div>&nbsp;</div>\n<div>4. Assurer la s&eacute;curit&eacute; des donn&eacute;es : Un autre objectif important est de garantir la s&eacute;curit&eacute; des donn&eacute;es des utilisateurs, en mettant en place des mesures de protection appropri&eacute;es pour pr&eacute;venir les violations de donn&eacute;es et assurer la confidentialit&eacute; des informations personnelles.</div>","gauge":null,"list":[]},"created_at":"2024-04-04T13:25:42.378Z","updated_at":"2024-04-04T10:03:11.457Z","id":40},{"pia_id":2,"reference_to":212,"data":{"text":"<div>1. Consentement : obtenu dans certains cas, sp&eacute;cifique, &eacute;clair&eacute; et donn&eacute; librement par les utilisateurs.</div>\n<div>&nbsp;</div>\n<div>2. Ex&eacute;cution d'un contrat : n&eacute;cessaire &agrave; l'ex&eacute;cution du contrat entre Amazin&rsquo; et les utilisateurs, par exemple pour le traitement des achats.</div>\n<div>&nbsp;</div>\n<div>3. Respect des obligations l&eacute;gales : collecte et traitement requis pour se conformer &agrave; des obligations l&eacute;gales, comme la tenue de registres comptables.</div>\n<div>&nbsp;</div>\n<div>4. Int&eacute;r&ecirc;t l&eacute;gitime : justifi&eacute; par les int&eacute;r&ecirc;ts l&eacute;gitimes d'Amazin&rsquo; ou des tiers, sans porter atteinte aux droits et libert&eacute;s des utilisateurs.</div>","gauge":null,"list":[]},"created_at":"2024-04-04T13:25:42.378Z","updated_at":"2024-04-03T15:37:35.953Z","id":41},{"pia_id":2,"reference_to":213,"data":{"text":"1. Informations d'inscription : les informations d'inscription telles que le nom, l'adresse e-mail et les informations de facturation sont n&eacute;cessaires pour cr&eacute;er un compte utilisateur et permettre aux utilisateurs de passer des commandes en ligne.<br /><br />2. Donn&eacute;es de paiement : les donn&eacute;es de paiement, telles que les num&eacute;ros de carte de cr&eacute;dit, sont n&eacute;cessaires pour traiter les transactions d'achat effectu&eacute;es par les utilisateurs sur la plateforme de vente en ligne.<br /><br />3. Pr&eacute;f&eacute;rences d'achat : les pr&eacute;f&eacute;rences d'achat des utilisateurs, telles que les produits consult&eacute;s, les articles ajout&eacute;s au panier et les historiques d'achat, sont n&eacute;cessaires pour proposer des recommandations personnalis&eacute;es et am&eacute;liorer l'exp&eacute;rience d'achat des utilisateurs.<br /><br />4. Donn&eacute;es de navigation et informations des r&eacute;seaux sociaux : les donn&eacute;es de navigation, les cookies et les informations provenant des r&eacute;seaux sociaux sont utilis&eacute;es pour personnaliser le contenu et les recommandations, ainsi que pour analyser les tendances d'achat et optimiser la plateforme de vente en ligne.","gauge":null,"list":[]},"created_at":"2024-04-04T13:25:42.378Z","updated_at":"2024-04-03T15:38:07.291Z","id":42},{"pia_id":2,"reference_to":214,"data":{"text":"<div>1. Validation des donn&eacute;es &agrave; la dource : les utilisateurs sont incit&eacute;s &agrave; fournir des informations pr&eacute;cises et &agrave; jour lors de leur inscription. Des m&eacute;canismes de validation, comme la v&eacute;rification des adresses e-mail, sont utilis&eacute;s pour garantir l'exactitude des donn&eacute;es.</div>\n<div>&nbsp;</div>\n<div>2. Mises &agrave; jour r&eacute;guli&egrave;res : les donn&eacute;es utilisateur sont r&eacute;guli&egrave;rement actualis&eacute;es pour refl&eacute;ter les changements dans leurs pr&eacute;f&eacute;rences et circonstances.</div>\n<div>&nbsp;</div>\n<div>3. Gestion des doublons et des incoh&eacute;rences : des processus sont en place pour identifier et corriger les doublons et les incoh&eacute;rences dans les donn&eacute;es collect&eacute;es, assurant ainsi leur int&eacute;grit&eacute; et coh&eacute;rence.</div>","gauge":null,"list":[]},"created_at":"2024-04-04T13:25:42.378Z","updated_at":"2024-04-03T15:38:29.690Z","id":43},{"pia_id":2,"reference_to":215,"data":{"text":"<div>1. Exigences l&eacute;gales : conformit&eacute; aux obligations l&eacute;gales telles que la tenue de registres comptables.</div>\n<div>2. Besoins de traitement : conservation aussi longtemps que n&eacute;cessaire pour atteindre les finalit&eacute;s du traitement.</div>\n<div>3. Int&eacute;r&ecirc;t l&eacute;gitime : conservation pour r&eacute;pondre aux int&eacute;r&ecirc;ts l&eacute;gitimes d'Amazin&rsquo; ou des tiers.</div>\n<div>4. Consentement de l'utilisateur : respect du consentement exprim&eacute; par l'utilisateur pour une dur&eacute;e sp&eacute;cifique.</div>","gauge":null,"list":[]},"created_at":"2024-04-04T13:25:42.378Z","updated_at":"2024-04-03T15:38:58.826Z","id":44},{"pia_id":2,"reference_to":221,"data":{"text":"<div>&nbsp;</div>\n<div>1. Politique de confidentialit&eacute; : une politique claire d&eacute;taille la collecte, l'usage et la protection des donn&eacute;es.</div>\n<div>&nbsp; &nbsp;</div>\n<div>2. Notifications contextuelles : des alertes lors de la collecte pr&eacute;cisent l'usage des donn&eacute;es et permettent le consentement.</div>\n<div>&nbsp; &nbsp;</div>\n<div>3. Communication directe : des e-mails ou notifications informent des changements dans le traitement des donn&eacute;es.</div>\n<div>&nbsp; &nbsp;</div>\n<div>4. Portail de confidentialit&eacute; : un acc&egrave;s centralis&eacute; permet aux utilisateurs de g&eacute;rer leurs donn&eacute;es et droits.</div>","gauge":null,"list":[]},"created_at":"2024-04-04T13:25:42.379Z","updated_at":"2024-04-03T15:35:49.091Z","id":45},{"pia_id":2,"reference_to":222,"data":{"text":"<div>1. Options de consentement : des options claires sont fournies aux utilisateurs pour accepter ou refuser le traitement de leurs donn&eacute;es, avec une indication claire des cons&eacute;quences de chaque choix.</div>\n<div>&nbsp;</div>\n<div>2. Consentement actif : le consentement est obtenu de mani&egrave;re active, par exemple en cochant une case ou en effectuant une action claire indiquant leur accord.</div>\n<div>&nbsp;</div>\n<div>3. Tra&ccedil;abilit&eacute; du consentement : un enregistrement est conserv&eacute; pour chaque consentement obtenu, y compris la date, l'heure, le contexte et le contenu de l'information fournie aux utilisateurs.</div>\n<div>&nbsp;</div>\n<div>4. Possibilit&eacute; de retrait : les utilisateurs ont la possibilit&eacute; de retirer leur consentement &agrave; tout moment, avec des m&eacute;canismes clairs et faciles &agrave; utiliser pour exercer ce droit.</div>","gauge":null,"list":[]},"created_at":"2024-04-04T13:25:42.379Z","updated_at":"2024-04-03T15:36:09.366Z","id":46},{"pia_id":2,"reference_to":223,"data":{"text":"<div>1. Portail de confidentialit&eacute; : un portail en ligne est fourni o&ugrave; les utilisateurs peuvent acc&eacute;der &agrave; leurs donn&eacute;es personnelles, les consulter et les t&eacute;l&eacute;charger facilement.</div>\n<div>&nbsp;</div>\n<div>2. Demandes d'acc&egrave;s : les utilisateurs peuvent soumettre des demandes d'acc&egrave;s &agrave; leurs donn&eacute;es personnelles par le biais d'un formulaire en ligne ou par d'autres moyens de communication sp&eacute;cifi&eacute;s.</div>\n<div>&nbsp;</div>\n<div>3. Proc&eacute;dures de v&eacute;rification : des proc&eacute;dures robustes de v&eacute;rification de l'identit&eacute; sont en place pour s'assurer que les demandes d'acc&egrave;s proviennent l&eacute;gitimement des sujets de donn&eacute;es concern&eacute;s.</div>\n<div>&nbsp;</div>","gauge":null,"list":[]},"created_at":"2024-04-04T13:25:42.379Z","updated_at":"2024-04-03T15:36:25.163Z","id":47},{"pia_id":2,"reference_to":224,"data":{"text":"<div>1. Formulaires de rectification et d'effacement : des formulaires en ligne sont disponibles pour permettre aux utilisateurs de soumettre des demandes de rectification ou d'effacement de leurs donn&eacute;es personnelles.</div>\n<div>&nbsp;</div>\n<div>2. V&eacute;rification de l'identit&eacute; : des proc&eacute;dures de v&eacute;rification d'identit&eacute; robustes sont mises en &oelig;uvre pour s'assurer que les demandes &eacute;manent l&eacute;gitimement des sujets de donn&eacute;es concern&eacute;s.</div>\n<div>&nbsp;</div>\n<div>3. Confirmation de l'effacement : une confirmation est envoy&eacute;e aux utilisateurs une fois que leurs donn&eacute;es ont &eacute;t&eacute; effac&eacute;es, pour les informer que leur demande a &eacute;t&eacute; trait&eacute;e avec succ&egrave;s.</div>\n<div>&nbsp;</div>","gauge":null,"list":[]},"created_at":"2024-04-04T13:25:42.379Z","updated_at":"2024-04-03T15:36:42.998Z","id":48},{"pia_id":2,"reference_to":225,"data":{"text":"<div>\n<div>1. Proc&eacute;dures de demande : des moyens simples sont fournis pour soumettre des demandes de limitation ou d'opposition.</div>\n</div>\n<div>&nbsp;</div>\n<div>2. Communication : les d&eacute;cisions sont communiqu&eacute;es clairement aux utilisateurs, expliquant les raisons et les actions prises.</div>\n<div>&nbsp;</div>\n<div>3. Mise en oeuvre : les restrictions demand&eacute;es sont mises en place conform&eacute;ment aux souhaits des utilisateurs.</div>\n<div>&nbsp;</div>\n<div>4. Gestion des objections : les objections sont examin&eacute;es s&eacute;rieusement avec des efforts pour trouver des solutions mutuellement satisfaisantes.</div>","gauge":null,"list":[]},"created_at":"2024-04-04T13:25:42.379Z","updated_at":"2024-04-03T15:37:03.998Z","id":49},{"pia_id":2,"reference_to":121,"data":{"text":"<span style=\"color: #050505; font-family: Helvetica, Arial, sans-serif; font-size: 15px; white-space: pre-wrap; background-color: #f0f0f0;\">1. Informations personnelles - Donn&eacute;es : Noms, adresses, num&eacute;ros de t&eacute;l&eacute;phone, adresses e-mail, professions, situations familiales. - Stockage : Aussi longtemps que les comptes utilisateur existent. - Acc&egrave;s : Administrateurs, support client, des prestataires <br />2. Historique de navigation, cookies et donn&eacute;es de suivi : - Donn&eacute;es : Historique de navigation des utilisateurs sur le site, activit&eacute; des utilisateurs (clics) - Stockage : Ind&eacute;finiment pour d'analyse. - Acc&egrave;s : Administrateurs, analystes de donn&eacute;es, &eacute;ventuellement des tiers. <br />3. Informations de profil sur les r&eacute;seaux sociaux : - Donn&eacute;es : Informations de profil des comptes de r&eacute;seaux sociaux li&eacute;s. - Stockage : Aussi longtemps que les comptes li&eacute;s existent. - Acc&egrave;s : Administrateurs, analystes de donn&eacute;es, des prestataires. <br />4. Historique d'achat : - Donn&eacute;es : Informations sur les produits achet&eacute;s. - Stockage : G&eacute;n&eacute;ralement ind&eacute;finiment pour l'historique des commandes. - Acc&egrave;s : Administrateurs, support client, fournisseurs tiers. <br />5. Informations de paiement : - Donn&eacute;es : D&eacute;tails de la carte de cr&eacute;dit ou autre (Paypal). - Stockage : Temporairement pour le traitement des transactions. - Acc&egrave;s : Processeurs de paiement, administrateurs<br /><br /></span>","gauge":null,"list":[]},"created_at":"2024-04-04T13:25:42.379Z","updated_at":"2024-04-04T13:28:58.895Z","id":50},{"pia_id":2,"reference_to":122,"data":{"text":"<div>Les donn&eacute;es sont collect&eacute;es &agrave; partir des interactions des utilisateurs sur le site web et l'application, les achats effectu&eacute;s, les informations de profil des utilisateurs, etc.</div>\n<div>&nbsp;</div>\n<div>Les donn&eacute;es sont ensuite trait&eacute;es pour diverses raisons (personnalisation des recommandations, gestion des stocks) et sont utilis&eacute;es pour am&eacute;liorer l'exp&eacute;rience utilisateur.</div>","gauge":null,"list":[]},"created_at":"2024-04-04T13:25:42.379Z","updated_at":"2024-04-03T16:08:16.841Z","id":51},{"pia_id":2,"reference_to":123,"data":{"text":"Manque de pr&eacute;cision dans le cahier des charges","gauge":null,"list":[]},"created_at":"2024-04-04T13:25:42.379Z","id":52},{"pia_id":2,"reference_to":321,"data":{"text":null,"gauge":null,"list":["Violation de la vie privée","Vol d'identité","Préjudice financier et moral"]},"created_at":"2024-04-04T13:25:42.380Z","updated_at":"2024-04-03T15:53:56.971Z","id":53},{"pia_id":2,"reference_to":322,"data":{"text":null,"gauge":null,"list":["Cyberattaques","Accès non autorisés internes","Insuffisance des contrôles d'accès","Failles de sécurité"]},"created_at":"2024-04-04T13:25:42.380Z","updated_at":"2024-04-03T15:54:41.244Z","id":54},{"pia_id":2,"reference_to":323,"data":{"text":null,"gauge":null,"list":["Systèmes informatiques","Utilisateurs internes","Utilisateurs externes","Partenaires et fournisseurs"]},"created_at":"2024-04-04T13:25:42.380Z","updated_at":"2024-04-03T15:55:25.516Z","id":55},{"pia_id":2,"reference_to":324,"data":{"text":null,"gauge":null,"list":["Chiffrement","Anonymisation"]},"created_at":"2024-04-04T13:25:42.380Z","updated_at":"2024-04-03T16:01:46.060Z","id":56},{"pia_id":2,"reference_to":325,"data":{"text":"Les impacts potentiels sur les sujets de donn&eacute;es, tels que la violation de la vie priv&eacute;e, le vol d'identit&eacute; sont significatifs et pourraient avoir des cons&eacute;quences graves sur les individus concern&eacute;s. Cependant, les mesures de contr&ocirc;le planifi&eacute;es, telles que le renforcement des politiques de contr&ocirc;le d'acc&egrave;s, le cryptage des donn&eacute;es, contribuent &agrave; att&eacute;nuer les risques et &agrave; limiter leur impact. Bien que ces contr&ocirc;les r&eacute;duisent efficacement la probabilit&eacute; d'occurrence du risque, ils ne l'&eacute;liminent pas compl&egrave;tement, d'o&ugrave; la classification du risque comme important. Il est essentiel de surveiller attentivement la mise en &oelig;uvre de ces contr&ocirc;les et d'ajuster les mesures de s&eacute;curit&eacute; en cons&eacute;quence pour att&eacute;nuer davantage les risques potentiels.","gauge":3,"list":[]},"created_at":"2024-04-04T13:25:42.380Z","updated_at":"2024-04-03T15:58:18.204Z","id":57},{"pia_id":2,"reference_to":326,"data":{"text":"Bien que les menaces et les sources de risque identifi&eacute;es puissent potentiellement conduire &agrave; des incidents de s&eacute;curit&eacute; des donn&eacute;es, les mesures de contr&ocirc;le planifi&eacute;es contribuent &agrave; r&eacute;duire consid&eacute;rablement la probabilit&eacute; que ces &eacute;v&eacute;nements se produisent. Par exemple, le renforcement des politiques de contr&ocirc;le d'acc&egrave;r r&eacute;duit efficacement la surface d'attaque et renforcent la r&eacute;silience du syst&egrave;me contre les cyberattaques et les acc&egrave;s non autoris&eacute;s. Cependant, il reste toujours un certain degr&eacute; de risque r&eacute;siduel compte tenu de la complexit&eacute; et de la nature &eacute;volutive des menaces en mati&egrave;re de s&eacute;curit&eacute; informatique.","gauge":2,"list":[]},"created_at":"2024-04-04T13:25:42.380Z","updated_at":"2024-04-03T15:59:16.967Z","id":58},{"pia_id":2,"reference_to":331,"data":{"text":null,"gauge":null,"list":["Inexactitude des données","Perte de confiance","Perte financière"]},"created_at":"2024-04-04T13:25:42.380Z","updated_at":"2024-04-03T16:00:27.513Z","id":59},{"pia_id":2,"reference_to":332,"data":{"text":null,"gauge":null,"list":["Cyberattaques","Accès non autorisés internes","Erreurs humaines","Failles de sécurité"]},"created_at":"2024-04-04T13:25:42.380Z","updated_at":"2024-04-03T16:01:06.424Z","id":60},{"pia_id":2,"reference_to":333,"data":{"text":null,"gauge":null,"list":["Systèmes informatiques","Utilisateurs internes","Utilisateurs externes","Partenaires et fournisseurs"]},"created_at":"2024-04-04T13:25:42.380Z","updated_at":"2024-04-03T16:01:31.979Z","id":61},{"pia_id":2,"reference_to":334,"data":{"text":null,"gauge":null,"list":["Chiffrement"]},"created_at":"2024-04-04T13:25:42.380Z","id":62},{"pia_id":2,"reference_to":335,"data":{"text":"Les impacts potentiels sur les sujets de donn&eacute;es, tels que la perte de confiance, les cons&eacute;quences financi&egrave;res sont significatifs et pourraient avoir des cons&eacute;quences graves sur les individus concern&eacute;s ou l'entreprise . Cependant, les mesures de contr&ocirc;le pr&eacute;vues, telles que les politiques de contr&ocirc;le d'acc&egrave;s renforc&eacute;es contribuent &agrave; att&eacute;nuer ces risques. Malgr&eacute; ces mesures, il reste toujours un certain degr&eacute; de vuln&eacute;rabilit&eacute;, justifiant ainsi la classification du risque comme important.","gauge":3,"list":[]},"created_at":"2024-04-04T13:25:42.380Z","updated_at":"2024-04-03T16:03:03.192Z","id":63},{"pia_id":2,"reference_to":336,"data":{"text":"<div>Les menaces identifi&eacute;es, telles que les cyberattaques, l'acc&egrave;s non autoris&eacute; et les erreurs humaines, ainsi que les sources de risques telles que les syst&egrave;mes informatiques et les utilisateurs internes, peuvent potentiellement contribuer &agrave; l'occurrence du risque.&nbsp;</div>","gauge":2,"list":[]},"created_at":"2024-04-04T13:25:42.380Z","updated_at":"2024-04-03T16:03:36.815Z","id":64},{"pia_id":2,"reference_to":341,"data":{"text":null,"gauge":null,"list":["Vol d'identité","Perte financière","Conséquences légales","Perte de confiance"]},"created_at":"2024-04-04T13:25:42.381Z","updated_at":"2024-04-03T16:04:49.325Z","id":65},{"pia_id":2,"reference_to":342,"data":{"text":null,"gauge":null,"list":["Cyberattaques","Erreurs humaines","Accès non autorisés internes","Failles de sécurité","Insuffisance des contrôles d'accès"]},"created_at":"2024-04-04T13:25:42.381Z","updated_at":"2024-04-03T16:05:03.728Z","id":66},{"pia_id":2,"reference_to":343,"data":{"text":null,"gauge":null,"list":["Partenaires et fournisseurs","Systèmes informatiques","Utilisateurs externes","Utilisateurs internes"]},"created_at":"2024-04-04T13:25:42.381Z","updated_at":"2024-04-03T16:05:14.264Z","id":67},{"pia_id":2,"reference_to":344,"data":{"text":null,"gauge":null,"list":["Anonymisation","Chiffrement"]},"created_at":"2024-04-04T13:25:42.381Z","updated_at":"2024-04-03T16:05:26.856Z","id":68},{"pia_id":2,"reference_to":345,"data":{"text":"Les impacts potentiels sur les sujets de donn&eacute;es, tels que la perte d'acc&egrave;s aux informations, le vol d'identit&eacute;, les pertes financi&egrave;res, les cons&eacute;quences l&eacute;gales et les dommages &agrave; la r&eacute;putation, sont tous significatifs et pourraient avoir des r&eacute;percussions graves sur les individus concern&eacute;s ainsi que sur l'entreprise.","gauge":3,"list":[]},"created_at":"2024-04-04T13:25:42.381Z","updated_at":"2024-04-03T16:06:01.577Z","id":69},{"pia_id":2,"reference_to":346,"data":{"text":"Bien que les menaces telles que les cyberattaques, les erreurs humaines et les d&eacute;faillances techniques puissent contribuer &agrave; la perte de donn&eacute;es, les contr&ocirc;les planifi&eacute;s tels que les sauvegardes r&eacute;guli&egrave;res, les protocoles de s&eacute;curit&eacute; renforc&eacute;s et les plans de r&eacute;ponse aux incidents visent &agrave; att&eacute;nuer ces risques.","gauge":2,"list":[]},"created_at":"2024-04-04T13:25:42.381Z","updated_at":"2024-04-03T16:07:00.911Z","id":70},{"pia_id":2,"reference_to":226,"data":{"text":"<p>Manque de pr&eacute;cision dand le cahier des charges</p>","gauge":null,"list":[]},"created_at":"2024-04-04T13:25:42.381Z","id":71},{"pia_id":2,"reference_to":227,"data":{"text":"Manque de pr&eacute;cision dans le cahier des charges","gauge":null,"list":[]},"created_at":"2024-04-04T13:25:42.381Z","id":72}],"measures":[{"title":"Chiffrement","pia_id":2,"content":"<div>Les donn&eacute;es &agrave; caract&egrave;re personnel sont crypt&eacute;es selon des normes de chiffrement robustes, rendant ainsi les donn&eacute;es incompr&eacute;hensibles &agrave; toute personne non autoris&eacute;e &agrave; y acc&eacute;der. Cette mesure garantit la confidentialit&eacute; et l'int&eacute;grit&eacute; des donn&eacute;es, r&eacute;duisant ainsi le risque d'acc&egrave;s non autoris&eacute;.</div>","placeholder":"measures.default_placeholder","created_at":null,"updated_at":"2024-04-03T15:52:06.866Z","id":24},{"title":"Anonymisation","pia_id":2,"content":"<div>Les donn&eacute;es &agrave; caract&egrave;re personnel sont anonymis&eacute;es pour supprimer toute information identifiante, pr&eacute;servant ainsi l'anonymat des individus concern&eacute;s. Cette mesure r&eacute;duit le risque d'identification des personnes et prot&egrave;ge leur vie priv&eacute;e tout en permettant l'utilisation s&eacute;curis&eacute;e des donn&eacute;es &agrave; des fins statistiques ou de recherche.</div>","placeholder":"measures.default_placeholder","created_at":null,"updated_at":"2024-04-03T15:52:12.805Z","id":25}],"evaluations":[{"status":3,"global_status":2,"pia_id":2,"reference_to":"1.1","created_at":"2024-04-04T13:27:52.103Z","id":41,"gauges":{"x":0,"y":0},"updated_at":"2024-04-04T13:28:22.840Z"},{"status":3,"global_status":2,"pia_id":2,"reference_to":"1.2","created_at":"2024-04-04T13:30:11.612Z","id":42,"gauges":{"x":0,"y":0},"updated_at":"2024-04-04T13:40:53.959Z","evaluation_comment":""},{"status":3,"global_status":2,"pia_id":2,"reference_to":"2.1.211","created_at":"2024-04-04T13:41:08.101Z","id":43,"gauges":{"x":0,"y":0},"updated_at":"2024-04-05T08:02:22.491Z","evaluation_comment":"<div>Les finalit&eacute;s du traitement des donn&eacute;es sont sp&eacute;cifi&eacute;es de mani&egrave;re claire et semblent l&eacute;gitimes pour l'activit&eacute; commerciale d'Amazin&rsquo;. Chaque finalit&eacute; est directement li&eacute;e &agrave; une fonction essentielle de la plateforme comme : vendre des produits, recommander des produits pertinents, fid&eacute;liser les utilisateurs, assurer la s&eacute;curit&eacute; des donn&eacute;es.</div>\n<div>&nbsp;</div>\n<div>&nbsp;</div>\n<div>&nbsp;</div>\n<div>&nbsp;</div>\n<div>&nbsp;</div>"},{"status":3,"global_status":2,"pia_id":2,"reference_to":"2.1.212","created_at":"2024-04-04T13:41:08.102Z","id":44,"gauges":{"x":0,"y":0},"updated_at":"2024-04-05T08:02:22.492Z","evaluation_comment":"<div>Les bases juridiques &eacute;nonc&eacute;es sont conformes aux principes g&eacute;n&eacute;ralement reconnus en mati&egrave;re de protection des donn&eacute;es, notamment le RGPD pour les entreprises op&eacute;rant dans l'Union Europ&eacute;enne bas&eacute;e sur des actions sur : consentement, ex&eacute;cution d'un contrat, respect des obligations l&eacute;gales, int&eacute;r&ecirc;t l&eacute;gitime.<br /><br />Il est important que Amazin&rsquo; documente les analyses effectu&eacute;es pour s'appuyer sur l'int&eacute;r&ecirc;t l&eacute;gitime et qu'elle offre aux utilisateurs la possibilit&eacute; de s'opposer au traitement fond&eacute; sur cet int&eacute;r&ecirc;t.&nbsp;</div>"},{"status":3,"global_status":2,"pia_id":2,"reference_to":"2.1.213","created_at":"2024-04-04T13:41:08.103Z","id":45,"gauges":{"x":0,"y":0},"updated_at":"2024-04-05T08:02:22.493Z","evaluation_comment":"Pour chaque type de donn&eacute;e collect&eacute;e, Amazin&rsquo; doit s'assurer que le principe de minimisation est respect&eacute; en ne collectant pas plus d'informations que ce qui est n&eacute;cessaire pour les finalit&eacute;s pr&eacute;cis&eacute;es. De plus, il doit &ecirc;tre clairement &eacute;tabli que ces donn&eacute;es ne seront pas utilis&eacute;es pour des finalit&eacute;s non li&eacute;es sans un nouveau consentement de l'utilisateur.&nbsp;"},{"status":3,"global_status":2,"pia_id":2,"reference_to":"2.1.214","created_at":"2024-04-04T13:41:08.104Z","id":46,"gauges":{"x":0,"y":0},"updated_at":"2024-04-05T08:02:22.493Z","evaluation_comment":"Amazin&rsquo; doit continuer &agrave; surveiller et &agrave; am&eacute;liorer les processus de v&eacute;rification et de mise &agrave; jour des donn&eacute;es pour r&eacute;pondre aux normes de protection des donn&eacute;es. La participation active des utilisateurs dans la mise &agrave; jour de leurs donn&eacute;es doit &ecirc;tre encourag&eacute;e, et les syst&egrave;mes en place pour la correction des donn&eacute;es doivent &ecirc;tre accessibles et faciles &agrave; utiliser. En outre, des audits r&eacute;guliers peuvent aider &agrave; identifier les domaines n&eacute;cessitant des am&eacute;liorations dans les processus de gestion des donn&eacute;es."},{"status":3,"global_status":2,"pia_id":2,"reference_to":"2.1.215","created_at":"2024-04-04T13:41:08.105Z","id":47,"gauges":{"x":0,"y":0},"updated_at":"2024-04-05T08:02:22.495Z"},{"status":3,"global_status":2,"pia_id":2,"reference_to":"2.2.221","created_at":"2024-04-05T08:02:33.933Z","id":48,"gauges":{"x":0,"y":0},"updated_at":"2024-04-05T08:41:34.049Z"},{"status":3,"global_status":2,"pia_id":2,"reference_to":"2.2.222","created_at":"2024-04-05T08:02:33.934Z","id":49,"gauges":{"x":0,"y":0},"updated_at":"2024-04-05T08:41:34.050Z","evaluation_comment":"La m&eacute;thode de collecte du consentement d&eacute;crite est bien align&eacute;e avec les bonnes pratiques en mati&egrave;re de protection des donn&eacute;es et semble respecter les principes cl&eacute;s de la l&eacute;gislation"},{"status":3,"global_status":2,"pia_id":2,"reference_to":"2.2.223","created_at":"2024-04-05T08:02:33.935Z","id":50,"gauges":{"x":0,"y":0},"updated_at":"2024-04-05T08:41:34.051Z","evaluation_comment":"Les mesures mises en place par Amazin&rsquo; semblent bien con&ccedil;ues pour faciliter l'exercice des droits des sujets de donn&eacute;es, en conformit&eacute; avec les exigences r&eacute;glementaires telles que celles du RGPD."},{"status":3,"global_status":2,"pia_id":2,"reference_to":"2.2.224","created_at":"2024-04-05T08:02:33.937Z","id":51,"gauges":{"x":0,"y":0},"updated_at":"2024-04-05T08:41:34.052Z","evaluation_comment":"Les processus &eacute;tablis par Amazin&rsquo; pour permettre aux utilisateurs d&rsquo;exercer leurs droits de rectification et d&rsquo;effacement des donn&eacute;es semblent robustes et conformes aux exigences r&eacute;glementaires comme : formulaires de rectification et d'effacement, v&eacute;rification de l'identit&eacute; et confirmation de l'effacement"},{"status":3,"global_status":2,"pia_id":2,"reference_to":"2.2.225","created_at":"2024-04-05T08:02:33.938Z","id":52,"gauges":{"x":0,"y":0},"updated_at":"2024-04-05T08:41:34.053Z","evaluation_comment":"Bien que ces pratiques semblent ad&eacute;quates, il est recommand&eacute; pour Amazin&rsquo; de s'assurer que toutes les demandes sont trait&eacute;es dans les d&eacute;lais l&eacute;gaux et que les utilisateurs sont inform&eacute;s de la possibilit&eacute; de faire appel aupr&egrave;s d'une autorit&eacute; de contr&ocirc;le si ils ne sont pas satisfaits de la r&eacute;ponse re&ccedil;ue. Des audits r&eacute;guliers de ces processus sont &eacute;galement conseill&eacute;s pour garantir qu'ils restent efficaces et conformes aux r&eacute;glementations en constante &eacute;volution."},{"status":2,"global_status":2,"pia_id":2,"reference_to":"2.2.226","created_at":"2024-04-05T08:02:33.939Z","id":53,"gauges":{"x":0,"y":0},"updated_at":"2024-04-05T08:55:52.092Z","evaluation_comment":"Il est imp&eacute;ratif pour Amazin&rsquo; de s'assurer que toutes les obligations des processeurs soient clairement identifi&eacute;es et r&eacute;gies par des contrats pour maintenir la conformit&eacute; avec les r&eacute;glementations sur la protection des donn&eacute;es.","action_plan_comment":"<div>1. R&eacute;viser et pr&eacute;ciser le cahier des charges : Il est important de revoir le cahier des charges pour y inclure des d&eacute;tails sp&eacute;cifiques sur les obligations des processeurs. Cela peut impliquer de d&eacute;finir plus clairement les attentes en mati&egrave;re de s&eacute;curit&eacute; des donn&eacute;es, les proc&eacute;dures en cas de violation de donn&eacute;es, et les processus de v&eacute;rification de la conformit&eacute;.</div>\n<div>&nbsp;</div>\n<div>2. Ren&eacute;gocier les contrats existants si n&eacute;cessaire : Si les contrats actuels avec les processeurs ne sont pas suffisamment d&eacute;taill&eacute;s, il peut &ecirc;tre n&eacute;cessaire de les ren&eacute;gocier pour y inclure les obligations pr&eacute;cises et les m&eacute;canismes de responsabilit&eacute;.</div>\n<div>&nbsp;</div>\n<div>3. Mise en place de contr&ocirc;les r&eacute;guliers : Pour s'assurer de la conformit&eacute; continue des processeurs, des audits r&eacute;guliers et des &eacute;valuations de conformit&eacute; peuvent &ecirc;tre n&eacute;cessaires. Cela peut aider &agrave; identifier et &agrave; corriger les &eacute;ventuelles lacunes dans la protection des donn&eacute;es.</div>","estimated_implementation_date":"1969-12-31T23:00:00.000Z","person_in_charge":null},{"status":2,"global_status":2,"pia_id":2,"reference_to":"2.2.227","created_at":"2024-04-05T08:02:33.940Z","id":54,"gauges":{"x":0,"y":0},"updated_at":"2024-04-05T08:53:32.165Z","evaluation_comment":"Il est essentiel que des mesures ad&eacute;quates soient mises en place pour garantir que le niveau de protection des donn&eacute;es personnelles n'est pas compromis lorsqu'elles sont transf&eacute;r&eacute;es hors de l'UE :","action_plan_comment":"<div>1. Pr&eacute;ciser les dispositions dans le cahier des charges : Le cahier des charges doit &ecirc;tre mis &agrave; jour pour inclure des d&eacute;tails pr&eacute;cis sur les m&eacute;canismes et les mesures de protection appliqu&eacute;s lors des transferts de donn&eacute;es hors de l'UE.</div>\n<div>&nbsp;</div>\n<div>2. Renforcer les contrats avec les partenaires internationaux : Les contrats avec les partenaires et les sous-traitants hors de l'UE doivent clairement stipuler les obligations de protection des donn&eacute;es et inclure, si n&eacute;cessaire, des clauses contractuelles types approuv&eacute;es par la Commission europ&eacute;enne.</div>\n<div>&nbsp;</div>\n<div>3. Mettre en &oelig;uvre des mesures de sauvegarde robustes : En plus des mesures contractuelles, des mesures techniques doivent &ecirc;tre mises en place pour assurer la s&eacute;curit&eacute; des donn&eacute;es lors du transfert et de leur traitement dans le pays tiers.</div>\n<div>&nbsp;</div>\n<div>4. Documentation et &eacute;valuation continue : Documenter toutes les d&eacute;cisions relatives au transfert de donn&eacute;es et les &eacute;valuer r&eacute;guli&egrave;rement pour s'assurer qu'elles restent conformes aux exigences l&eacute;gales et aux meilleures pratiques en mati&egrave;re de protection des donn&eacute;es.</div>","estimated_implementation_date":"1970-01-01T00:00:00.000Z"},{"status":3,"global_status":2,"pia_id":2,"reference_to":"3.1.24","created_at":"2024-04-05T08:41:46.475Z","id":55,"gauges":{"x":0,"y":0},"updated_at":"2024-04-05T08:47:26.510Z","evaluation_comment":"Il est important de continuer &agrave; surveiller et &agrave; mettre &agrave; jour les protocoles de chiffrement pour s'assurer qu'ils r&eacute;sistent contre les menaces &eacute;mergentes. Les normes de chiffrement doivent &ecirc;tre r&eacute;vis&eacute;es r&eacute;guli&egrave;rement pour contrebalancer les avanc&eacute;es dans la puissance de calcul et les techniques de d&eacute;cryptage"},{"status":3,"global_status":2,"pia_id":2,"reference_to":"3.1.25","created_at":"2024-04-05T08:41:46.476Z","id":56,"gauges":{"x":0,"y":0},"updated_at":"2024-04-05T08:47:26.511Z","evaluation_comment":"Il est important que le processus d'anonymisation soit correctement ex&eacute;cut&eacute; et qu&rsquo;il r&eacute;ponde aux normes de l'industrie en mati&egrave;re d'efficacit&eacute;. Il doit s'assurer que l'anonymisation ne peut pas &ecirc;tre invers&eacute;e et que les donn&eacute;es anonymis&eacute;es ne peuvent pas &ecirc;tre crois&eacute;es avec d'autres donn&eacute;es pour r&eacute;-identifier les individus.&nbsp;"},{"status":3,"global_status":2,"pia_id":2,"reference_to":"3.2","created_at":"2024-04-05T08:42:54.414Z","id":57,"gauges":{"x":0,"y":0},"updated_at":"2024-04-05T08:51:33.800Z","evaluation_comment":"D'apr&egrave;s les informations fournies, le risque est important en raison de la nature significative des impacts potentiels et d'une probabilit&eacute; mod&eacute;r&eacute;e de survenance malgr&eacute; les contr&ocirc;les. Cela justifie une surveillance constante et une &eacute;valuation p&eacute;riodique pour ajuster les mesures de s&eacute;curit&eacute; et r&eacute;duire la probabilit&eacute; ou l'impact des risques &agrave; un niveau acceptable."},{"status":3,"global_status":2,"pia_id":2,"reference_to":"3.3","created_at":"2024-04-05T08:51:40.335Z","id":58,"gauges":{"x":0,"y":0},"updated_at":"2024-04-05T08:51:51.655Z"},{"status":3,"global_status":2,"pia_id":2,"reference_to":"3.4","created_at":"2024-04-05T08:51:44.770Z","id":59,"gauges":{"x":0,"y":0},"updated_at":"2024-04-05T08:52:37.904Z"}],"comments":[{"for_measure":false,"description":"Cette partie doit être revu pour ajouter les détails nécessaires. Il est important d'ajouter des actifs de soutien des données pour éviter des problèmes de conformité et de sécurité des données.","pia_id":2,"reference_to":123,"created_at":"2024-04-04T13:40:34.598Z","id":2}]}