{
  "main": {
    "id": "1d3a982af2bd4f90",
    "type": "split",
    "children": [
      {
        "id": "6f5cb6f69b0de574",
        "type": "tabs",
        "children": [
          {
            "id": "829dc60895e7cc55",
            "type": "leaf",
            "state": {
              "type": "markdown",
              "state": {
                "file": "Gestion de crise - Étude de cas au Mozambique.md",
                "mode": "source",
                "source": false
              }
            }
          }
        ]
      }
    ],
    "direction": "vertical"
  },
  "left": {
    "id": "b9790e508ae3979f",
    "type": "split",
    "children": [
      {
        "id": "db86aacf331bf8e4",
        "type": "tabs",
        "children": [
          {
            "id": "a25aa527783a709e",
            "type": "leaf",
            "state": {
              "type": "file-explorer",
              "state": {
                "sortOrder": "alphabetical"
              }
            }
          },
          {
            "id": "792bc2e7c4595ed1",
            "type": "leaf",
            "state": {
              "type": "search",
              "state": {
                "query": "",
                "matchingCase": false,
                "explainSearch": false,
                "collapseAll": false,
                "extraContext": false,
                "sortOrder": "alphabetical"
              }
            }
          },
          {
            "id": "9dd59668f0af07f0",
            "type": "leaf",
            "state": {
              "type": "bookmarks",
              "state": {}
            }
          }
        ]
      }
    ],
    "direction": "horizontal",
    "width": 200
  },
  "right": {
    "id": "c8dfa7dc2872bac6",
    "type": "split",
    "children": [
      {
        "id": "9cfa823b46e653f0",
        "type": "tabs",
        "children": [
          {
            "id": "a517039aad3f459b",
            "type": "leaf",
            "state": {
              "type": "backlink",
              "state": {
                "file": "Gestion de crise - Étude de cas au Mozambique.md",
                "collapseAll": false,
                "extraContext": false,
                "sortOrder": "alphabetical",
                "showSearch": false,
                "searchQuery": "",
                "backlinkCollapsed": false,
                "unlinkedCollapsed": true
              }
            }
          },
          {
            "id": "4c77b5f8c209dd11",
            "type": "leaf",
            "state": {
              "type": "outgoing-link",
              "state": {
                "file": "Gestion de crise - Étude de cas au Mozambique.md",
                "linksCollapsed": false,
                "unlinkedCollapsed": true
              }
            }
          },
          {
            "id": "deb7ad21255bcded",
            "type": "leaf",
            "state": {
              "type": "tag",
              "state": {
                "sortOrder": "frequency",
                "useHierarchy": true
              }
            }
          },
          {
            "id": "5d50c511d932f3af",
            "type": "leaf",
            "state": {
              "type": "outline",
              "state": {
                "file": "Gestion de crise - Étude de cas au Mozambique.md"
              }
            }
          }
        ]
      }
    ],
    "direction": "horizontal",
    "width": 300,
    "collapsed": true
  },
  "left-ribbon": {
    "hiddenItems": {
      "switcher:Open quick switcher": false,
      "graph:Open graph view": false,
      "canvas:Create new canvas": false,
      "daily-notes:Open today's daily note": false,
      "templates:Insert template": false,
      "command-palette:Open command palette": false
    }
  },
  "active": "829dc60895e7cc55",
  "lastOpenFiles": [
    "Untitled.canvas",
    "Gestion de crise - Étude de cas au Mozambique.md",
    "Crisis situation Mozambique.png",
    "LNG facilites terrestres.png",
    "Tanzania.png",
    "Travail des ouvriers.png",
    "Simulations pour la formation à l'autodéfense des employés.md",
    "Pasted image 20240329201856.png",
    "Situation au Mozambique.md",
    "Risque potentiel au Mozambique.md",
    "Afungi and heatmap.png",
    "Analyser Afungi Airstrip et heatmap de quartier du projet LNG.md",
    "Offshore.png",
    "Plan d'extraction vers la Tanzanie.md",
    "Risque Potentiel.png",
    "Simulations pour le plan d'extraction vers la Tanzanie.md",
    "Formation à l'autodéfense pour tous les employés.md",
    "Adaptation aux scénarios.md",
    "0.12kmsquare.png",
    "Route to Tanzania.png",
    "Untitled",
    "Analyser de la région géographique.md",
    "Gestion de crise - Étude du cas au Mozambique/Gestion de crise - Étude du cas au Mozambique.md",
    "Untitled 1",
    "Gestion de crise - Étude du cas au Mozambique"
  ]
}